{
  "minecraft": {
    "crop_progress": true,
    "comparator": true,
    "hide_infestations": true,
    "display_furnace_contents": true,
    "jukebox": true,
    "lever": true,
    "spawner_type": true,
    "redstone": true,
    "repeater": true
  },
  "harvestability": {
    "unharvestableonly": false,
    "toolrequiredonly": true,
    "harvestlevel.sneakingonly": false,
    "currentlyharvestable.sneakingonly": false,
    "shearability.sneakingonly": false,
    "harvestlevelnum.sneakingonly": false,
    "harvestlevel": true,
    "minimal": false,
    "effectivetool.sneakingonly": false,
    "oresonly": false,
    "currentlyharvestable": true,
    "shearability": true,
    "effectivetool": true,
    "harvestlevelnum": false
  },
  "waila": {
    "show_registry": false,
    "show_entity_hp": true,
    "show_states": false,
    "show_entities": true
  },
  "storagedrawers": {
    "display.stacklimit": true,
    "display.content": true,
    "display.status": true
  }
}