{
  "bo:enabled": true,
  "ma:cells": {
    "ma:litherite": {
      "ma:default_base_color": {
        "in:r:[0~255]": 255,
        "in:g:[0~255]": 255,
        "in:b:[0~255]": 255
      }
    },
    "ma:erodium": {
      "ma:default_base_color": {
        "in:r:[0~255]": 247,
        "in:g:[0~255]": 247,
        "in:b:[0~255]": 247
      }
    },
    "ma:kyronite": {
      "ma:default_base_color": {
        "in:r:[0~255]": 239,
        "in:g:[0~255]": 239,
        "in:b:[0~255]": 239
      }
    },
    "ma:pladium": {
      "ma:default_base_color": {
        "in:r:[0~255]": 231,
        "in:g:[0~255]": 231,
        "in:b:[0~255]": 231
      }
    },
    "ma:ionite": {
      "ma:default_base_color": {
        "in:r:[0~255]": 223,
        "in:g:[0~255]": 223,
        "in:b:[0~255]": 223
      }
    },
    "ma:aethium": {
      "ma:default_base_color": {
        "in:r:[0~255]": 215,
        "in:g:[0~255]": 215,
        "in:b:[0~255]": 215
      }
    },
    "ma:nanorite": {
      "ma:default_base_color": {
        "in:r:[0~255]": 207,
        "in:g:[0~255]": 207,
        "in:b:[0~255]": 207
      }
    },
    "ma:xerothium": {
      "ma:default_base_color": {
        "in:r:[0~255]": 199,
        "in:g:[0~255]": 199,
        "in:b:[0~255]": 199
      }
    }
  },
  "ma:ccus": {
    "do:production_power:[4.9E-324~1.7976931348623157E308]": 2.2,
    "in:production_rate:[-2147483648~2147483647]": 128,
    "ma:litherite": {
      "ma:default_base_color": {
        "in:r:[0~255]": 255,
        "in:g:[0~255]": 255,
        "in:b:[0~255]": 255
      },
      "ma:default_core_color": {
        "in:r:[0~254]": 40,
        "in:g:[0~255]": 180,
        "in:b:[0~255]": 232
      },
      "fl:max_efficiency:[0.0~1.0]": 0.56
    },
    "ma:erodium": {
      "ma:default_base_color": {
        "in:r:[0~255]": 247,
        "in:g:[0~255]": 247,
        "in:b:[0~255]": 247
      },
      "ma:default_core_color": {
        "in:r:[0~254]": 40,
        "in:g:[0~255]": 180,
        "in:b:[0~255]": 232
      },
      "fl:max_efficiency:[0.0~1.0]": 0.64
    },
    "ma:kyronite": {
      "ma:default_base_color": {
        "in:r:[0~255]": 239,
        "in:g:[0~255]": 239,
        "in:b:[0~255]": 239
      },
      "ma:default_core_color": {
        "in:r:[0~254]": 40,
        "in:g:[0~255]": 180,
        "in:b:[0~255]": 232
      },
      "fl:max_efficiency:[0.0~1.0]": 0.72
    },
    "ma:pladium": {
      "ma:default_base_color": {
        "in:r:[0~255]": 231,
        "in:g:[0~255]": 231,
        "in:b:[0~255]": 231
      },
      "ma:default_core_color": {
        "in:r:[0~254]": 40,
        "in:g:[0~255]": 180,
        "in:b:[0~255]": 232
      },
      "fl:max_efficiency:[0.0~1.0]": 0.8
    },
    "ma:ionite": {
      "ma:default_base_color": {
        "in:r:[0~255]": 223,
        "in:g:[0~255]": 223,
        "in:b:[0~255]": 223
      },
      "ma:default_core_color": {
        "in:r:[0~254]": 40,
        "in:g:[0~255]": 180,
        "in:b:[0~255]": 232
      },
      "fl:max_efficiency:[0.0~1.0]": 0.88
    },
    "ma:aethium": {
      "ma:default_base_color": {
        "in:r:[0~255]": 215,
        "in:g:[0~255]": 215,
        "in:b:[0~255]": 215
      },
      "ma:default_core_color": {
        "in:r:[0~254]": 40,
        "in:g:[0~255]": 180,
        "in:b:[0~255]": 232
      },
      "fl:max_efficiency:[0.0~1.0]": 0.96
    },
    "ma:nanorite": {
      "ma:default_base_color": {
        "in:r:[0~255]": 207,
        "in:g:[0~255]": 207,
        "in:b:[0~255]": 207
      },
      "ma:default_core_color": {
        "in:r:[0~254]": 40,
        "in:g:[0~255]": 180,
        "in:b:[0~255]": 232
      },
      "fl:max_efficiency:[0.0~1.0]": 1.0
    },
    "ma:xerothium": {
      "ma:default_base_color": {
        "in:r:[0~255]": 199,
        "in:g:[0~255]": 199,
        "in:b:[0~255]": 199
      },
      "ma:default_core_color": {
        "in:r:[0~254]": 40,
        "in:g:[0~255]": 180,
        "in:b:[0~255]": 232
      },
      "fl:max_efficiency:[0.0~1.0]": 1.0
    }
  }
}